militants;their_pro-russia_militants_armed_with_baseball_bats_and_iron_bars
militants;their_pro-russia_militants_armed_with_baseball_bats_and_iron_bars
militants;their_pro-russia_militants_armed_with_baseball_bats_and_iron_bars
militants;their_pro-russia_militants_armed_with_baseball_bats_and_iron_bars
militants;their_pro-russia_militants_armed_with_baseball_bats_and_iron_bars
militants;their_pro-russia_militants_armed_with_baseball_bats_and_iron_bars
militants;their_pro-russia_militants_armed_with_baseball_bats_and_iron_bars
militants;their_pro-russia_militants_armed_with_baseball_bats_and_iron_bars
militants;their_pro-russia_militants_armed_with_baseball_bats_and_iron_bars
militants;their_pro-russia_militants_armed_with_baseball_bats_and_iron_bars
militants;their_pro-russia_militants_armed_with_baseball_bats_and_iron_bars
militants;their_pro-russia_militants_armed_with_baseball_bats_and_iron_bars
militants;their_pro-russia_militants_armed_with_baseball_bats_and_iron_bars
militants;their_pro-russia_militants_armed_with_baseball_bats_and_iron_bars
militants;their_pro-russia_militants_armed_with_baseball_bats_and_iron_bars
militants;their_pro-russia_militants_armed_with_baseball_bats_and_iron_bars
militants;their_pro-russia_militants_armed_with_baseball_bats_and_iron_bars
militants;their_pro-russia_militants_armed_with_baseball_bats_and_iron_bars
militants;their_pro-russia_militants_armed_with_baseball_bats_and_iron_bars
militants;their_pro-russia_militants_armed_with_baseball_bats_and_iron_bars
militants;their_pro-russia_militants_armed_with_baseball_bats_and_iron_bars
