administration;some_harsh_decision
foreign_countries;our_we_dollars
a_ukrainian_special_forces_member;position_a_position_near_slovyansk_on_may_12
meeting;place_april_april_17
mediators;their_international_mediators
many;refuge
a_ukrainian_special_forces_member;position_a_position_near_slovyansk_on_may_12
meeting;place_april_april_17
a_ukrainian_special_forces_member;position_a_position_near_slovyansk_on_may_12
meeting;place_april_april_17
the_conflict;acute_form
a_ukrainian_special_forces_member;position_a_position_near_slovyansk_on_may_12
meeting;place_april_april_17
a_ukrainian_special_forces_member;position_a_position_near_slovyansk_on_may_12
meeting;place_april_april_17
communist_faction_leader_petro_symonenko;a_similar_line
employees_of_the_pushkin_state_museum_of_fine_arts;visitors_visitors
that_country;the_niche_russia_russia
a_different_road;escalation_of_tensions
._freelance_photographer_maxim_dondyuk;the_photo
haram_leader;a_new_tact_boko_boko_haram_which_translates_to_western_education_is_sin_in_the_local_hausa_language
snipers;their_snipers
snipers;their_snipers
year_putin_website_vladimir_putin_;the_kremlin
a_ukrainian_special_forces_member;position_a_position_near_slovyansk_on_may_12
meeting;place_april_april_17
many;refuge
a_ukrainian_special_forces_member;position_a_position_near_slovyansk_on_may_12
meeting;place_april_april_17
a_ukrainian_special_forces_member;position_a_position_near_slovyansk_on_may_12
meeting;place_april_april_17
a_ukrainian_special_forces_member;position_a_position_near_slovyansk_on_may_12
meeting;place_april_april_17
a_ukrainian_special_forces_member;position_a_position_near_slovyansk_on_may_12
meeting;place_april_april_17
a_ukrainian_special_forces_member;position_a_position_near_slovyansk_on_may_12
meeting;place_april_april_17
a_ukrainian_special_forces_member;position_a_position_near_slovyansk_on_may_12
meeting;place_april_april_17
communist_faction_leader_petro_symonenko;a_similar_line
a_ukrainian_special_forces_member;position_a_position_near_slovyansk_on_may_12
meeting;place_april_april_17
over_buildings;citizens
turkey;similar_measures
others;a_more_cautious_approach
the_ukrainian_troops;all_the_food_and_medicine
a_ukrainian_special_forces_member;position_a_position_near_slovyansk_on_may_12
meeting;place_april_april_17
a_ukrainian_special_forces_member;position_a_position_near_slovyansk_on_may_12
meeting;place_april_april_17
it;no_a_stark_reflection_of_the_limited_options_available_to_an_administration_already_stretched_by_the_crisis_in_ukraine_and_faced_with_a_quandary_over_how_to_deter_china_without_damaging_broader_ties_with_the_world_'s_second-biggest_economy
mistrust;root
a_ukrainian_special_forces_member;position_a_position_near_slovyansk_on_may_12
meeting;place_april_april_17
blacklists;crimea
a_ukrainian_special_forces_member;position_a_position_near_slovyansk_on_may_12
meeting;place_april_april_17
a_ukrainian_special_forces_member;position_a_position_near_slovyansk_on_may_12
meeting;place_april_april_17
officials;part
a_ukrainian_special_forces_member;position_a_position_near_slovyansk_on_may_12
meeting;place_april_april_17
a_ukrainian_special_forces_member;position_a_position_near_slovyansk_on_may_12
meeting;place_april_april_17
the_ordeal;#_hours
a_ukrainian_special_forces_member;position_a_position_near_slovyansk_on_may_12
meeting;place_april_april_17
