#_megawatts_of_electricity;the_cards
mission;his_u.n._under-secretary-general_jeffrey_feltman
bahrain;political_and_economic_terms
the_documents;the_thursday_agenda
analysts;display
everyone;the_same_wavelength_and_the_the_world_of_international_law
membership;the_table
region;the_rebels'_the_pro-russian_rebels
we;our_the_russian_territory
ukrainian_troops;the_a_criminal_order
the_words;the_paper
civil_war_russian_president_vladimir_putin;the_brink_of_civil_war
your_employee;georgievskaya_street
#_russian_companies;the_blacklists
the_ramifications;america_the_americans
the_imf;the_verge_of_recession
republic_of_donetsk;the_flagpole
great_patriotic_war;june_#_#
moto;the_border
u.s._drone;display
investment_development_and_overall_interest;the_rise
random_shootings;the_rise
#_warplanes;display
manila;an_official_visit
the_military;our_territory
_two_journalists_from_lifenews_television_channel;the_territory_of_a_military_unit
a_new_wave_of_government_crackdown;its_a_new_wave_of_government_crackdown_way
korea;the_verge_of_a_fourth_fourth_nuclear_test
more_than_#_people;the_same_domestic_flights
the_aggression;their_the_right_wing_fascists
eu;the_wane
the_onus;eu_the_european_union
military_and_security_apparatus_of_the_appointed_ukrainian`_government_`;record
#_of_his_red_bandanas;display
china_sentiments;the_rise_
they;the_the_ukrainian_border
tortures;an_ongoing_hunger_strike
moscow_and_kiev;the_brink_of_conflict
#_russian_companies;the_blacklists
the_mother_of_a_passenger;malaysia
professional;the_table
such_complaints;hand
us;a_the_atlantic_group_of_the_eu_and_the_us_downhill_pathway
he_the_defendant;the_wanted_list
#_tanks;site
we;our
american_supporters;their_its_american_supporters_side
militia;duty
the_imf;the_verge_of_recession
the_only_truly_debatable_part;gun_crime
_pavel_gubarev_elected_a_people_s_governor_of_donetsk;an_ended_hunger_strike
paramilitary_forces;the_ground
crisis;the_agenda_of_their_both_leaders
special_forces_members;the_ground
the_missing_yacht;friday
german_rhetoric;the_rise
#_warplanes;display
former_marine_jon_hammar;his_his_way_to_meet_friends_in_san_ysidro_california
this;the_hands_of_those
products;the_the_russian_market_
the_responsibility;leaders
the_upcoming_elections;track
the_imposed_ukrainian_government;the_rise
we;our
the_independence_bid;its_the_independence_bid
emphasis;breakthrough_sectors_and_aspects
