soldiers;the_desna_military_shooting_range
soldiers;the_desna_military_shooting_range
soldiers;the_desna_military_shooting_range
soldiers;the_desna_military_shooting_range
soldiers;the_desna_military_shooting_range
soldiers;the_desna_military_shooting_range
soldiers;the_desna_military_shooting_range
soldiers;the_desna_military_shooting_range
soldiers;the_desna_military_shooting_range
soldiers;the_desna_military_shooting_range
soldiers;the_desna_military_shooting_range
soldiers;the_desna_military_shooting_range
soldiers;the_desna_military_shooting_range
soldiers;the_desna_military_shooting_range
soldiers;the_desna_military_shooting_range
soldiers;the_desna_military_shooting_range
soldiers;the_desna_military_shooting_range
soldiers;the_desna_military_shooting_range
soldiers;the_desna_military_shooting_range
soldiers;the_desna_military_shooting_range
soldiers;the_desna_military_shooting_range
