yatsenyuk;putin_russian_president_vladimir_putin
other_israeli_officials;kerry_'s_state_john_kerry
many_families;the_malaysian_government_'s_handling_of_information
experts;the_us_us
place;the_us
the_gop;the_obama_administration
washington;the_russian_drills
the_eu_the_european_union;crimea
german_conservative_herbert_reul;the_such_a_slogan_slogan
yatsenyuk;putin_russian_president_vladimir_putin
the_gop;the_obama_administration
women_and_advocates_of_sexual_assault_prevention;the_department_of_education_doe_the_doe
