activists;top_of_a_ukrainian_regional_administration_building
activists;top_of_a_ukrainian_regional_administration_building
activists;top_of_a_ukrainian_regional_administration_building
activists;top_of_a_ukrainian_regional_administration_building
activists;top_of_a_ukrainian_regional_administration_building
activists;top_of_a_ukrainian_regional_administration_building
activists;top_of_a_ukrainian_regional_administration_building
activists;top_of_a_ukrainian_regional_administration_building
activists;top_of_a_ukrainian_regional_administration_building
activists;top_of_a_ukrainian_regional_administration_building
activists;top_of_a_ukrainian_regional_administration_building
activists;top_of_a_ukrainian_regional_administration_building
activists;top_of_a_ukrainian_regional_administration_building
activists;top_of_a_ukrainian_regional_administration_building
activists;top_of_a_ukrainian_regional_administration_building
activists;top_of_a_ukrainian_regional_administration_building
activists;top_of_a_ukrainian_regional_administration_building
activists;top_of_a_ukrainian_regional_administration_building
activists;top_of_a_ukrainian_regional_administration_building
activists;top_of_a_ukrainian_regional_administration_building
activists;top_of_a_ukrainian_regional_administration_building
