leaders;more_sanctions_canadian_sanctions
this_lopsided_burden;nato_'s_integrity_cohesion_and_capability
the_g7_countries;russia_russia
this_lopsided_burden;nato_'s_integrity_cohesion_and_capability
the_leaders_of_the_g7_group_of_nations;russia
an_monopoly_investigation;russia
the_leaders_of_the_g7_group_of_nations;russia
state_john_kerry;sanctions_the_sanctions
industrialized_states;russia_russia_'s
demonstrators;russia
the_impoverished_north;the_the_united_states
the_g7_members;moscow
the_leaders_of_the_g7_group_of_nations;russia
the_leaders_of_the_g7_group_of_nations;russia
german_chancellor_angela_merkel;russia_russia_'s
the_members_of_g7;moscow
wednesday;russia
the_leaders_of_the_g7_group_of_nations;russia
this_lopsided_burden;nato_'s_the_nato_'s_integrity_cohesion
league_of_nations;economic_economic_sanctions
league_of_nations;sanctions_these_sanctions
the_leaders_of_the_g7_group_of_nations;russia
the_leaders_of_the_g7_group_of_nations;russia
the_west;russia
this_week;sanctions
the_g7_members;moscow
a_fresh_flood_wave;serbia_'s_serbia_'s
russian_assertiveness;more_sanctions_sanctions
