Pushilin;Lenin
Pushilin;Russia
Pushilin;SS
Pushilin;Lenin
Pushilin;Russia
Pushilin;SS
Pushilin;Lenin
Pushilin;Russia
Pushilin;SS
Pushilin;Lenin
Pushilin;Russia
Pushilin;SS
Pushilin;Lenin
Pushilin;Russia
Pushilin;SS
Pushilin;Lenin
Pushilin;Russia
Pushilin;SS
Pushilin;Lenin
Pushilin;Russia
Pushilin;SS
Pushilin;Lenin
Pushilin;Russia
Pushilin;SS
Pushilin;Lenin
Pushilin;Russia
Pushilin;SS
Pushilin;Lenin
Pushilin;Russia
Pushilin;SS
Pushilin;Lenin
Pushilin;Russia
Pushilin;SS
Pushilin;Lenin
Pushilin;Russia
Pushilin;SS
Pushilin;Lenin
Pushilin;Russia
Pushilin;SS
Pushilin;Lenin
Pushilin;Russia
Pushilin;SS
Pushilin;Lenin
Pushilin;Russia
Pushilin;SS
Pushilin;Lenin
Pushilin;Russia
Pushilin;SS
Pushilin;Lenin
Pushilin;Russia
Pushilin;SS
Pushilin;Lenin
Pushilin;Russia
Pushilin;SS
Pushilin;Lenin
Pushilin;Russia
Pushilin;SS
Pushilin;Lenin
Pushilin;Russia
Pushilin;SS
Pushilin;Lenin
Pushilin;Russia
Pushilin;SS
